"","wage","educ","exper","hrswk","married","female","metro","midwest","south","west","black","asian"
"1",18.7,16,39,37,1,1,1,0,1,0,0,0
"2",11.5,12,16,62,0,0,0,1,0,0,0,0
"3",15.04,16,13,40,1,0,1,0,0,1,1,0
"4",25.95,14,11,40,0,1,1,0,1,0,1,0
"5",24.03,12,51,40,1,0,1,0,0,0,0,0
"6",20,12,30,40,1,0,1,0,0,0,0,0
"7",53.84,16,30,50,1,0,1,0,0,1,0,0
"8",25,12,34,60,1,0,1,1,0,0,0,0
"9",28.85,16,31,45,1,0,1,1,0,0,0,0
"10",16.83,13,31,40,0,1,1,0,0,0,0,0
"11",14.8,12,45,55,1,0,1,1,0,0,0,0
"12",43.25,16,33,40,1,1,0,0,1,0,0,0
"13",19.23,12,33,40,0,0,1,0,1,0,0,0
"14",14,14,15,40,0,1,1,0,1,0,1,0
"15",8,12,23,45,0,1,1,0,0,0,0,0
"16",57.7,21,41,50,1,0,1,1,0,0,0,0
"17",20,12,50,40,0,0,1,0,0,0,0,0
"18",20.83,18,24,24,1,1,0,1,0,0,0,0
"19",22,11,27,40,1,0,1,0,0,1,0,0
"20",68.75,14,41,40,1,0,1,0,0,1,0,0
"21",10.5,12,27,40,1,0,1,0,0,1,0,0
"22",9.88,13,25,40,1,1,0,0,0,0,0,0
"23",10.96,12,22,50,1,0,0,0,0,0,0,0
"24",8.25,13,11,35,0,0,1,0,0,1,0,0
"25",14.86,18,3,37,0,1,1,0,0,0,0,0
"26",8.75,12,45,40,1,1,0,1,0,0,0,0
"27",15.3,12,34,40,1,0,1,0,1,0,0,0
"28",12.7,12,40,40,0,1,0,1,0,0,0,0
"29",10.75,13,6,40,0,1,1,0,0,1,0,0
"30",17.33,12,15,0,1,1,0,0,0,1,0,1
"31",7.5,10,27,40,1,1,1,0,1,0,0,0
"32",18.5,12,19,45,1,0,1,0,0,1,0,0
"33",9,13,30,40,1,1,0,0,1,0,0,0
"34",51.29,21,25,45,0,1,1,0,1,0,0,0
"35",20.53,14,38,40,1,1,0,1,0,0,0,0
"36",12.68,18,42,44,0,0,1,0,1,0,0,0
"37",7.25,12,16,40,0,1,1,0,0,0,1,0
"38",18.28,14,23,40,1,0,1,1,0,0,0,0
"39",21.63,16,7,40,0,1,1,0,0,0,0,0
"40",19.23,14,34,40,1,1,1,0,0,1,0,0
"41",25,12,25,40,1,0,1,0,0,0,0,0
"42",16.83,16,38,40,1,1,1,0,1,0,0,0
"43",10.53,12,15,40,0,0,1,1,0,0,0,0
"44",16.35,13,44,40,0,0,0,1,0,0,0,0
"45",5.2,13,5,40,0,1,1,0,1,0,0,0
"46",50,13,18,40,1,1,0,0,0,0,0,0
"47",10,13,28,40,0,1,1,0,1,0,1,0
"48",9,12,32,0,1,1,1,1,0,0,0,0
"49",13,14,29,30,1,1,1,0,0,0,0,0
"50",18.25,12,13,40,1,0,1,0,0,0,0,0
"51",36.05,16,20,49,1,0,1,0,0,0,0,0
"52",11.3,12,29,50,1,1,0,0,0,0,0,0
"53",11,10,12,40,0,0,1,0,1,0,1,0
"54",7.5,12,29,40,1,1,1,0,1,0,1,0
"55",7.5,16,4,40,1,1,0,0,1,0,0,0
"56",25.63,12,23,60,1,1,1,0,0,1,0,0
"57",25.95,18,26,40,0,1,1,1,0,0,0,0
"58",19.23,16,37,60,1,1,0,1,0,0,0,0
"59",25,13,34,40,1,0,0,1,0,0,0,0
"60",28,14,27,40,1,0,1,0,1,0,0,0
"61",9,3,33,40,1,1,1,0,0,1,0,0
"62",29.75,12,22,40,0,0,1,0,0,1,0,0
"63",8.75,3,19,40,1,0,1,0,0,1,0,0
"64",15.55,12,34,40,1,1,1,0,1,0,0,0
"65",25.63,14,24,60,1,0,0,0,0,0,0,0
"66",17.19,18,47,32,1,0,1,0,1,0,0,1
"67",10.5,12,9,60,0,0,0,0,0,1,0,0
"68",12.7,14,29,40,1,1,1,0,0,1,1,0
"69",9.46,12,35,37,1,1,1,0,1,0,1,0
"70",28.85,18,12,40,1,1,1,0,1,0,0,1
"71",47.13,16,17,40,1,0,1,0,1,0,0,0
"72",9,14,25,30,1,1,1,0,0,0,0,0
"73",72.13,12,27,52,1,1,1,0,0,1,0,0
"74",30.77,21,29,55,1,0,1,1,0,0,0,0
"75",28.84,16,16,50,1,1,1,0,0,0,0,0
"76",26.93,14,32,40,1,0,1,0,0,1,0,0
"77",8,12,7,36,0,0,0,1,0,0,0,0
"78",8,13,7,20,0,0,1,0,0,0,0,0
"79",18.75,13,44,45,0,1,1,0,0,1,0,0
"80",13,13,35,40,0,1,0,1,0,0,0,0
"81",34.62,21,12,45,1,0,1,0,0,0,0,0
"82",39.9,13,32,40,1,1,1,0,0,0,0,0
"83",10.25,16,18,40,0,0,1,1,0,0,0,0
"84",15.37,12,33,27,1,1,1,0,0,1,0,0
"85",19.23,12,29,40,1,0,1,1,0,0,0,0
"86",13.45,12,42,40,1,1,1,1,0,0,0,0
"87",27.5,13,20,40,1,0,0,1,0,0,0,0
"88",10,14,18,40,1,0,1,1,0,0,1,0
"89",13.03,12,31,40,1,1,0,0,0,1,0,0
"90",7.88,12,40,0,1,1,0,1,0,0,0,0
"91",8,6,14,40,1,1,1,0,0,0,0,0
"92",16.83,16,13,40,0,1,1,0,0,1,0,0
"93",13.8,12,36,5,1,1,0,1,0,0,0,0
"94",10.3,13,56,20,1,1,1,0,1,0,0,0
"95",11.5,14,28,40,1,0,0,1,0,0,0,0
"96",12,16,29,25,1,1,1,0,1,0,0,0
"97",35.89,18,21,45,1,1,1,0,1,0,0,1
"98",28.85,16,34,40,1,1,1,0,1,0,0,0
"99",16.95,12,35,40,1,0,1,1,0,0,0,0
"100",17,14,29,40,0,1,1,0,0,1,0,0
"101",8,14,3,15,0,1,0,1,0,0,0,0
"102",40.38,16,17,40,1,0,1,0,0,0,0,0
"103",20,13,26,40,1,1,0,1,0,0,0,0
"104",19.23,13,17,40,1,1,1,0,0,0,0,0
"105",10,16,32,35,1,1,0,1,0,0,0,0
"106",35.71,16,16,40,0,1,1,0,0,0,1,0
"107",39.06,14,18,32,0,1,1,0,1,0,0,0
"108",9,18,43,24,0,1,1,0,1,0,0,0
"109",13.5,12,7,32,0,1,1,1,0,0,0,0
"110",31.25,18,22,50,1,1,0,0,0,0,0,0
"111",19.23,12,21,40,1,0,0,0,1,0,0,0
"112",29.91,16,33,45,0,1,1,0,1,0,0,0
"113",13.5,12,23,40,0,0,1,0,1,0,0,0
"114",15,16,6,55,0,1,1,0,1,0,0,0
"115",32.68,13,24,40,0,0,1,0,1,0,0,0
"116",29.08,16,12,40,0,1,1,0,0,0,0,0
"117",27.83,14,6,40,1,0,0,0,0,1,0,0
"118",14.25,12,46,40,1,0,1,0,1,0,0,0
"119",38.47,16,47,45,1,0,1,0,1,0,0,0
"120",18.28,12,13,40,1,0,1,0,1,0,0,0
"121",20,16,34,20,1,1,1,0,0,1,0,0
"122",9,14,19,15,1,1,1,0,0,0,0,0
"123",12,12,65,40,1,0,1,1,0,0,0,0
"124",12,16,13,40,0,1,1,0,0,0,0,0
"125",25.63,18,21,30,1,1,1,0,1,0,0,0
"126",22.05,13,12,40,0,1,1,0,0,1,0,0
"127",10.5,16,37,38,1,1,1,0,1,0,1,0
"128",6.76,9,20,40,1,0,1,0,1,0,0,0
"129",6.5,10,63,40,0,1,1,0,1,0,1,0
"130",9.32,13,34,40,1,1,0,0,0,1,0,0
"131",10.58,12,46,40,1,1,0,0,0,0,0,0
"132",24.03,16,42,60,0,0,0,0,0,0,0,0
"133",18,12,27,40,1,0,1,0,1,0,0,0
"134",18.03,14,16,32,1,1,1,1,0,0,0,0
"135",39.23,18,43,40,0,1,1,0,0,1,0,0
"136",18.52,12,21,40,0,1,1,1,0,0,0,0
"137",24.05,16,24,45,1,0,1,0,0,0,0,0
"138",28.85,13,27,40,0,0,1,1,0,0,1,0
"139",9.57,10,11,42,0,0,1,0,0,1,0,0
"140",14.95,13,33,44,0,0,0,0,0,1,0,0
"141",15.65,13,39,40,0,0,1,0,0,1,0,0
"142",25,18,20,40,1,1,1,0,1,0,0,0
"143",27.88,21,15,60,1,0,1,0,1,0,0,0
"144",15.4,13,32,40,1,0,1,0,0,1,0,0
"145",19.23,14,4,40,0,0,1,1,0,0,0,0
"146",38,16,33,24,1,1,1,0,0,1,0,0
"147",15.38,12,35,40,1,0,1,0,0,0,0,0
"148",28.85,13,48,1,1,0,1,0,0,1,0,0
"149",15.88,13,17,40,0,1,1,0,1,0,0,0
"150",25,16,9,40,1,1,1,0,1,0,0,0
"151",11.35,14,38,40,0,1,1,1,0,0,0,0
"152",15.38,12,51,40,0,1,1,0,0,0,1,0
"153",30.76,16,19,40,1,1,1,0,0,1,0,1
"154",18.75,12,29,40,1,0,1,0,0,1,0,0
"155",72.13,16,28,40,1,1,1,1,0,0,1,0
"156",13.75,12,32,55,1,0,1,0,1,0,0,0
"157",24.05,13,30,40,1,0,1,0,0,0,0,0
"158",17.5,12,39,40,1,0,1,1,0,0,0,0
"159",43.25,18,8,40,0,1,1,0,1,0,0,0
"160",9.93,12,32,40,1,1,1,0,0,1,0,0
"161",24.63,16,38,65,0,0,1,0,1,0,0,0
"162",36.3,13,44,40,1,1,1,0,0,0,0,0
"163",30.9,16,35,50,1,1,1,0,1,0,0,0
"164",11,14,15,15,1,1,0,0,0,0,0,0
"165",12.5,12,29,40,0,1,1,0,0,0,0,0
"166",28.85,13,39,40,1,0,1,0,0,1,0,0
"167",10,12,9,35,0,0,1,1,0,0,0,0
"168",25.35,16,22,40,1,1,1,0,1,0,1,0
"169",12.31,13,23,60,0,1,1,0,0,1,0,0
"170",21.27,12,38,45,1,1,1,0,1,0,0,0
"171",17.49,12,30,55,1,0,0,0,1,0,0,0
"172",23,13,37,35,0,1,1,0,0,0,0,0
"173",36.05,18,37,40,1,0,1,0,1,0,0,0
"174",9,12,27,40,0,1,0,0,0,0,0,0
"175",27.3,13,31,50,0,1,1,0,0,1,0,0
"176",21.63,16,24,40,0,1,1,0,0,0,0,0
"177",17,13,19,40,1,1,0,0,0,0,0,0
"178",14.29,16,4,40,0,0,1,0,0,1,0,0
"179",35.1,18,35,40,1,0,1,0,0,0,0,0
"180",16,12,24,50,1,0,0,0,1,0,0,0
"181",7,12,14,40,1,1,0,1,0,0,0,0
"182",21.63,12,34,40,1,1,1,0,1,0,1,0
"183",9.25,14,39,40,1,1,1,0,1,0,0,0
"184",15.43,12,18,40,1,1,0,0,0,0,0,0
"185",21.25,16,36,48,1,1,1,0,0,1,0,0
"186",34.63,12,37,50,0,1,0,0,0,0,0,0
"187",10,16,17,3,1,1,1,0,1,0,0,0
"188",15.38,16,38,50,1,1,1,1,0,0,0,0
"189",45.23,14,42,40,0,1,1,0,0,1,0,0
"190",12,16,9,30,0,1,1,0,1,0,1,0
"191",10,12,35,40,1,0,1,0,0,1,0,1
"192",14,13,10,20,0,1,1,0,0,0,1,0
"193",31.25,12,40,40,0,0,1,0,0,1,1,0
"194",50.95,18,22,40,1,0,1,0,0,1,0,0
"195",37.5,21,36,40,1,0,1,0,0,0,0,1
"196",15.88,13,44,37,0,1,1,0,1,0,1,0
"197",23.08,12,27,50,1,0,1,0,0,1,0,0
"198",8.52,0,44,40,0,0,1,0,0,1,0,0
"199",10,14,37,40,1,1,1,1,0,0,0,0
"200",18,14,37,40,0,0,1,0,0,1,0,0
"201",31.73,13,19,40,0,0,1,0,0,1,0,1
"202",20,16,10,42,1,1,1,0,1,0,1,0
"203",28,18,7,70,0,0,1,0,0,1,0,0
"204",7.25,9,16,40,0,1,1,0,1,0,0,0
"205",14.4,16,17,40,0,1,1,0,1,0,1,0
"206",21.63,12,22,40,0,1,1,1,0,0,0,0
"207",24.05,13,29,40,1,1,1,0,0,1,0,0
"208",21,13,9,40,1,0,1,0,0,1,0,0
"209",24.29,16,28,45,0,1,1,0,1,0,1,0
"210",6,14,6,20,0,0,0,0,0,0,0,0
"211",12.5,12,16,40,1,1,1,0,1,0,0,0
"212",19.23,12,15,40,1,0,0,0,0,1,0,0
"213",15.53,12,27,40,1,1,1,0,1,0,0,0
"214",7.25,11,12,20,1,1,0,1,0,0,0,0
"215",35.49,18,9,65,0,0,1,0,0,0,0,0
"216",19.24,18,8,55,0,1,1,1,0,0,0,0
"217",22.7,18,29,62,0,0,1,1,0,0,0,0
"218",30.7,18,25,50,0,1,1,0,0,1,0,0
"219",10,13,13,40,1,1,0,0,0,1,0,0
"220",72.13,16,11,40,1,0,1,0,0,0,0,0
"221",72.13,16,22,40,1,0,1,0,0,1,0,0
"222",19.23,14,44,40,1,1,1,1,0,0,0,0
"223",9.9,13,9,30,1,1,1,0,1,0,1,0
"224",15,8,43,40,1,0,1,0,0,1,0,0
"225",6.5,13,57,32,1,1,1,0,0,1,0,0
"226",28.72,12,14,46,0,0,1,0,1,0,0,0
"227",34.63,18,19,40,1,0,1,0,0,0,0,1
"228",12.03,13,9,40,0,0,1,0,1,0,1,0
"229",9,14,8,40,1,0,0,0,0,1,0,0
"230",30,16,16,40,0,1,1,0,1,0,0,0
"231",3.75,16,31,60,1,0,0,0,0,1,0,0
"232",16.83,14,10,40,0,1,1,0,0,1,0,1
"233",12.08,12,24,40,1,0,1,1,0,0,0,0
"234",43.8,21,33,50,1,0,1,0,0,1,0,0
"235",8.25,13,7,40,1,1,0,0,1,0,0,0
"236",19.55,14,32,40,0,1,0,0,1,0,0,0
"237",21.54,16,19,50,1,0,1,0,0,0,0,0
"238",14.5,12,34,50,0,1,1,0,0,0,0,0
"239",10.5,8,37,40,0,0,1,0,1,0,0,0
"240",11.3,13,21,40,1,1,1,1,0,0,0,1
"241",35,12,51,40,0,0,1,0,0,1,0,0
"242",19.55,14,28,40,1,0,1,0,0,0,0,0
"243",10.94,12,10,32,1,1,1,1,0,0,1,0
"244",13.33,12,50,30,1,0,1,0,0,0,0,0
"245",18,12,21,40,0,0,0,0,1,0,0,0
"246",9.5,12,10,44,0,0,0,1,0,0,0,0
"247",18,12,24,0,0,1,1,0,0,0,0,0
"248",15,18,17,40,1,1,1,0,1,0,0,0
"249",13,12,15,40,0,0,1,0,0,1,0,0
"250",19.2,14,39,30,1,1,0,0,1,0,0,0
"251",11.5,12,21,40,1,0,1,0,0,0,0,0
"252",36.52,16,30,50,0,0,1,0,1,0,0,0
"253",10,12,39,40,0,1,1,1,0,0,0,0
"254",20.04,13,30,63,0,0,1,1,0,0,1,0
"255",24.03,16,4,40,0,0,1,0,0,0,0,0
"256",31.25,14,35,40,0,0,0,1,0,0,0,0
"257",13.04,13,15,40,1,0,1,0,0,0,0,0
"258",16,12,44,40,1,0,1,0,0,0,0,0
"259",31.25,12,44,40,0,0,1,1,0,0,1,0
"260",16.88,16,36,40,0,1,1,0,0,0,1,0
"261",29.8,13,42,40,1,0,1,1,0,0,0,0
"262",7.6,12,47,5,0,1,0,0,0,0,0,0
"263",11,13,35,40,0,1,1,0,0,0,0,0
"264",16.28,16,35,40,0,1,1,1,0,0,0,0
"265",17.57,13,50,38,1,0,0,0,0,0,0,0
"266",24.33,16,18,50,0,1,1,0,0,0,1,0
"267",16.24,16,36,45,1,0,1,0,0,1,0,0
"268",22,16,9,40,0,0,1,0,0,1,0,0
"269",25,12,32,50,1,0,1,0,1,0,0,0
"270",20,13,22,30,1,0,1,1,0,0,0,0
"271",43,12,29,40,0,0,0,1,0,0,0,0
"272",40.38,16,39,24,1,1,1,0,1,0,0,0
"273",11.5,13,17,40,1,0,1,0,0,0,0,0
"274",19.23,13,42,40,0,0,1,1,0,0,0,0
"275",7.5,13,44,48,1,0,1,0,1,0,1,0
"276",19.23,16,19,71,0,1,1,0,0,1,0,0
"277",21.5,12,35,22,1,1,1,0,0,0,0,0
"278",26,14,28,40,1,1,1,0,0,1,0,0
"279",16.08,18,36,40,0,0,0,0,0,1,0,0
"280",14,16,7,20,0,0,1,1,0,0,0,0
"281",23.06,16,33,50,0,1,1,0,0,1,0,0
"282",13.25,12,20,40,0,0,0,0,0,1,0,0
"283",61.11,18,22,45,0,1,1,0,0,0,0,0
"284",11.25,13,10,50,1,1,0,0,0,1,0,0
"285",16.83,16,35,40,0,0,1,0,1,0,1,0
"286",8,13,5,12,0,0,0,1,0,0,0,0
"287",8.63,12,36,40,0,1,1,0,1,0,1,0
"288",18.75,14,14,54,0,1,1,1,0,0,0,0
"289",30.33,18,34,45,1,0,0,1,0,0,0,0
"290",40.46,13,32,48,0,0,1,0,0,1,0,0
"291",27.63,16,42,40,1,1,0,1,0,0,0,0
"292",11,16,3,24,0,1,1,1,0,0,0,0
"293",7.5,13,6,60,0,0,0,1,0,0,0,0
"294",17.88,16,15,40,1,1,0,0,0,1,0,0
"295",8,13,27,40,1,0,0,0,0,0,0,0
"296",18.3,12,33,40,1,0,0,0,1,0,0,0
"297",28.83,13,34,56,0,0,0,0,1,0,0,0
"298",13,12,28,40,0,0,1,1,0,0,0,0
"299",25.32,12,35,40,1,0,0,0,0,1,0,0
"300",18.9,12,38,40,1,0,0,0,0,0,0,0
"301",17.86,12,45,42,0,0,1,0,1,0,0,0
"302",9.26,12,43,35,1,1,1,0,1,0,0,0
"303",18.49,12,39,45,1,0,0,0,0,0,0,0
"304",14.43,12,26,40,0,1,1,0,0,1,0,0
"305",24.05,18,30,40,0,1,1,0,1,0,0,0
"306",6.87,16,9,30,0,1,1,0,0,1,0,0
"307",19.24,18,24,50,0,0,1,0,1,0,0,0
"308",24.05,18,10,40,1,1,1,0,0,0,0,0
"309",20.09,16,9,45,1,0,0,0,0,1,0,0
"310",26,12,53,60,0,0,1,0,0,0,0,0
"311",21.15,16,14,40,0,0,1,0,1,0,0,0
"312",27.4,13,36,52,1,0,1,1,0,0,0,0
"313",38.45,16,33,40,1,1,1,0,1,0,0,0
"314",12.86,12,34,70,1,0,0,1,0,0,0,0
"315",10.3,12,14,40,0,1,1,0,0,0,0,0
"316",11,16,43,40,1,0,0,0,0,0,0,0
"317",15.13,12,32,40,0,0,1,0,0,1,0,0
"318",24.05,14,45,44,1,1,1,0,0,0,0,0
"319",13,12,13,40,0,1,1,0,0,0,0,0
"320",20.2,16,17,40,1,0,1,0,0,0,0,0
"321",7.5,11,9,40,0,0,0,1,0,0,1,0
"322",8,13,5,20,0,0,0,0,1,0,0,0
"323",7.25,8,18,20,0,1,0,0,0,0,0,0
"324",11.5,13,64,40,0,1,1,0,1,0,0,0
"325",24.05,13,35,40,1,0,1,1,0,0,0,0
"326",24.05,12,55,40,1,1,1,0,1,0,1,0
"327",13.73,13,26,40,1,0,1,0,0,0,0,0
"328",7.93,13,27,40,1,1,1,0,1,0,0,0
"329",8.75,16,35,40,0,0,0,0,1,0,1,0
"330",13.2,10,25,40,1,0,1,0,1,0,0,0
"331",15,12,38,40,1,1,0,1,0,0,0,0
"332",15.39,12,41,54,1,0,0,0,1,0,0,0
"333",8,12,19,40,0,0,1,0,0,1,0,0
"334",35.25,16,25,60,1,0,1,0,0,1,0,0
"335",14.68,18,12,40,1,1,1,0,0,1,0,0
"336",12.4,12,37,40,0,1,0,0,0,1,0,0
"337",12.5,13,12,40,1,0,1,0,0,1,0,0
"338",10,12,36,40,1,1,1,0,0,0,0,0
"339",21.67,18,26,52,0,1,1,0,0,1,0,0
"340",20,12,30,30,1,1,1,0,1,0,0,1
"341",13.08,14,16,40,1,1,0,0,1,0,0,0
"342",7,12,36,35,1,1,0,0,1,0,0,0
"343",19.23,16,14,60,0,0,1,0,0,0,0,0
"344",15,14,28,52,1,0,1,0,1,0,0,0
"345",6.5,12,24,30,1,0,0,0,1,0,0,0
"346",8.5,12,14,40,0,0,1,0,0,1,0,0
"347",6.35,12,17,40,1,1,0,0,1,0,0,0
"348",19.24,14,7,50,0,0,1,0,0,1,0,0
"349",20.63,13,34,38,1,1,1,0,0,1,0,0
"350",24.05,3,36,40,1,0,1,0,1,0,0,0
"351",48.55,18,42,40,1,0,1,0,1,0,0,0
"352",13.16,16,4,38,0,1,1,1,0,0,0,0
"353",12.75,12,28,36,1,1,1,1,0,0,0,0
"354",19.57,16,13,28,1,1,0,0,0,0,0,0
"355",8.53,13,5,20,0,0,1,0,1,0,0,0
"356",10,13,6,20,0,1,1,1,0,0,0,0
"357",24.33,12,40,40,1,0,1,1,0,0,0,0
"358",11,14,41,37,0,1,1,0,0,0,0,0
"359",33.65,18,34,40,1,1,1,1,0,0,0,0
"360",14.91,16,38,32,0,1,1,1,0,0,0,0
"361",14.16,12,6,38,0,0,1,0,0,0,0,0
"362",10.78,13,44,45,0,0,1,0,0,1,0,0
"363",21.36,16,33,32,1,1,1,0,0,1,0,0
"364",38.23,12,36,40,1,1,1,0,0,0,0,0
"365",36.71,13,19,55,1,0,1,0,1,0,0,0
"366",6.25,18,15,40,1,1,1,0,0,0,0,1
"367",27.1,16,29,50,0,0,1,0,1,0,0,0
"368",10,12,21,40,0,0,1,1,0,0,1,0
"369",8,16,29,40,0,0,0,0,1,0,1,0
"370",7.5,12,18,40,0,0,1,0,0,0,0,0
"371",10.38,13,6,16,0,1,1,1,0,0,0,0
"372",13.73,16,22,64,0,1,1,0,0,0,0,0
"373",54.05,16,31,40,1,0,1,0,1,0,0,0
"374",17.3,12,42,50,1,1,1,0,0,0,0,0
"375",20.3,14,6,47,0,0,1,1,0,0,0,0
"376",7.14,12,18,40,1,1,1,0,0,0,0,0
"377",25,16,14,50,1,0,1,0,0,0,0,0
"378",31.15,14,28,40,1,0,1,0,0,1,0,0
"379",9.5,12,8,60,0,0,1,0,1,0,0,0
"380",8.1,12,10,40,0,1,1,1,0,0,1,0
"381",8.5,12,9,40,1,1,1,0,0,1,0,0
"382",25.96,14,14,45,1,0,1,0,0,1,0,0
"383",13.75,16,9,40,0,1,1,0,0,0,0,0
"384",12.5,14,30,40,0,1,1,0,0,1,0,0
"385",9,12,20,10,1,1,1,1,0,0,0,0
"386",57.69,16,43,45,1,0,1,0,0,1,0,0
"387",72.13,14,32,40,0,1,1,0,0,1,0,1
"388",36.05,16,6,40,1,0,1,1,0,0,0,0
"389",19.79,12,46,42,0,0,1,0,1,0,0,0
"390",50,18,15,20,1,1,0,1,0,0,0,0
"391",7.49,12,40,35,0,1,1,1,0,0,1,0
"392",16,12,33,40,1,0,1,0,0,1,0,0
"393",40.38,21,31,40,1,1,1,0,0,0,0,0
"394",33.65,16,32,48,1,0,1,0,0,1,0,0
"395",38.45,18,32,40,1,1,1,0,0,1,0,0
"396",52.88,16,43,40,1,1,0,0,1,0,0,0
"397",13,12,50,40,0,1,1,1,0,0,0,0
"398",24.05,12,17,40,0,1,1,0,1,0,0,0
"399",8.75,16,8,40,1,0,1,0,1,0,0,0
"400",40.38,18,8,40,0,1,1,0,1,0,0,0
"401",8.8,12,24,30,0,1,1,1,0,0,0,0
"402",15.56,16,15,45,0,1,1,0,0,1,0,1
"403",10,12,24,28,1,1,1,0,0,1,0,0
"404",9.34,11,20,35,1,1,1,0,0,1,0,0
"405",10.5,12,21,16,1,1,1,1,0,0,0,0
"406",18,12,30,40,1,0,1,0,0,0,1,0
"407",6.93,12,54,40,1,0,0,0,0,1,0,0
"408",17.5,6,33,40,0,0,1,0,0,1,0,0
"409",24.05,16,27,40,1,0,0,0,0,0,0,0
"410",12.31,12,49,45,0,1,1,0,0,1,0,0
"411",32.7,12,25,40,1,0,1,1,0,0,0,0
"412",9.5,12,32,40,0,1,0,1,0,0,0,0
"413",17.5,16,3,16,0,1,1,0,0,0,0,0
"414",25,16,5,40,0,0,1,0,0,0,0,0
"415",14.43,13,41,40,1,1,1,0,0,1,0,0
"416",9.33,13,6,40,0,1,1,1,0,0,0,0
"417",17.48,12,39,44,1,1,0,1,0,0,0,0
"418",12.5,12,7,20,0,1,1,0,1,0,0,0
"419",8,12,33,40,1,1,0,0,1,0,1,0
"420",17.3,12,11,50,1,0,1,0,0,1,0,0
"421",15.38,12,27,56,0,1,1,0,1,0,1,0
"422",6.5,8,44,40,1,0,1,1,0,0,0,0
"423",44.43,16,32,42,0,1,1,0,0,1,0,0
"424",15.85,14,47,40,0,1,1,1,0,0,1,0
"425",14.4,12,9,40,0,0,1,0,0,1,0,0
"426",7.29,14,47,7,0,1,0,1,0,0,0,0
"427",19.7,18,22,40,1,1,1,0,1,0,0,0
"428",21,14,24,40,1,1,0,0,1,0,0,0
"429",11,12,28,34,0,1,0,0,0,1,0,0
"430",16.57,14,29,55,0,1,0,0,1,0,0,0
"431",48.55,16,38,40,0,0,1,0,0,1,0,0
"432",12,12,12,60,0,0,1,0,1,0,0,0
"433",40.15,16,28,40,1,0,1,0,1,0,0,0
"434",22.4,12,28,40,1,0,0,0,0,0,0,0
"435",11.5,13,45,56,0,1,1,0,1,0,1,0
"436",28.85,12,38,40,1,0,1,0,0,1,0,0
"437",24.23,14,6,40,0,1,1,1,0,0,0,0
"438",24.05,16,27,40,1,0,1,1,0,0,0,0
"439",7.5,9,23,60,1,0,1,0,0,0,0,0
"440",11.25,13,7,40,0,1,1,0,1,0,0,0
"441",19.23,16,36,40,0,1,1,0,0,1,0,0
"442",12.98,13,31,40,1,1,1,0,1,0,1,0
"443",16.56,13,26,60,0,0,1,0,0,1,0,1
"444",23,12,24,40,1,1,1,0,0,0,0,0
"445",12,12,39,25,1,1,1,0,1,0,0,0
"446",53.57,18,38,36,0,1,1,0,1,0,1,0
"447",8.85,11,14,20,0,1,1,1,0,0,0,0
"448",47.8,16,36,40,1,1,1,0,0,1,0,0
"449",20,14,7,40,1,1,1,1,0,0,0,0
"450",1.97,18,51,35,1,1,1,0,1,0,0,0
"451",10.51,12,38,48,1,1,1,1,0,0,0,0
"452",9,13,11,35,0,1,1,0,0,1,0,1
"453",9.73,14,13,54,1,1,1,0,1,0,0,0
"454",38.45,16,39,48,1,1,0,0,0,0,0,0
"455",28,16,17,40,0,0,1,0,0,1,0,0
"456",27.23,12,40,40,0,1,1,0,1,0,0,0
"457",13.03,12,27,40,0,1,1,0,1,0,0,0
"458",30,16,26,8,1,1,1,0,0,1,0,0
"459",10.1,14,18,40,1,1,1,0,0,0,0,0
"460",16.25,12,14,40,1,0,1,1,0,0,1,0
"461",15.25,12,43,40,1,1,0,1,0,0,0,0
"462",35,13,10,40,0,0,0,0,0,1,0,0
"463",57.68,21,16,40,1,1,1,0,0,1,0,0
"464",50,16,43,40,1,0,1,0,0,0,0,0
"465",9.63,12,42,40,0,1,1,0,1,0,1,0
"466",10,14,29,40,0,1,1,1,0,0,0,0
"467",15.23,12,44,40,1,0,0,1,0,0,0,0
"468",10.5,12,37,52,0,1,1,1,0,0,1,0
"469",10,16,4,20,0,1,1,0,0,0,0,0
"470",20.1,12,40,40,0,0,1,0,0,0,0,0
"471",8,12,49,24,0,1,1,0,0,1,0,0
"472",17,13,9,40,0,0,0,1,0,0,0,0
"473",35.17,18,26,35,1,1,1,0,0,0,0,0
"474",9,13,54,20,1,1,1,0,1,0,0,0
"475",12.9,16,11,40,0,1,1,0,1,0,0,0
"476",12.75,9,28,40,1,0,1,0,0,0,0,0
"477",24.05,18,25,40,1,1,1,0,0,0,0,0
"478",10.19,12,38,90,0,1,1,0,1,0,0,0
"479",38.45,14,33,40,1,1,1,0,0,1,0,0
"480",14.25,12,35,8,0,0,1,1,0,0,0,0
"481",12.03,6,21,40,0,0,1,0,1,0,0,0
"482",19.23,13,27,40,0,1,1,0,0,0,0,0
"483",8.75,14,33,40,1,1,1,0,1,0,0,0
"484",29.1,13,39,43,1,0,1,0,0,1,0,0
"485",33.65,16,31,40,1,0,1,0,0,0,0,0
"486",16,12,20,40,1,0,1,0,1,0,0,0
"487",13.88,3,64,40,0,0,0,0,1,0,1,0
"488",25,12,42,60,0,0,1,0,1,0,1,0
"489",15,13,8,40,0,0,0,0,1,0,1,0
"490",25.18,13,25,43,0,0,1,0,1,0,0,0
"491",17.5,12,34,40,1,0,1,0,1,0,0,0
"492",36.8,18,10,35,0,1,1,0,1,0,0,0
"493",32.68,18,17,50,1,0,1,0,0,1,0,1
"494",28.83,16,33,37,1,1,1,0,0,0,0,0
"495",25.25,13,34,40,1,0,0,0,0,0,0,0
"496",16,10,11,40,1,0,1,0,0,0,0,0
"497",18,12,18,40,0,0,1,0,0,0,0,0
"498",14.5,12,21,40,1,1,1,0,0,1,0,0
"499",41.35,18,44,40,1,1,1,0,1,0,1,0
"500",16.25,14,29,40,1,1,1,0,1,0,0,0
"501",9,13,8,40,0,0,0,1,0,0,0,0
"502",17.71,13,28,38,1,0,1,0,0,0,0,0
"503",15.45,14,35,40,0,0,1,0,0,1,0,0
"504",23.08,12,34,40,1,0,1,0,1,0,0,0
"505",8,13,6,0,1,1,1,0,1,0,0,0
"506",13.75,12,43,40,0,0,1,0,0,0,0,0
"507",8.76,9,40,45,1,0,1,0,0,1,0,0
"508",8.78,13,16,37,0,0,1,0,0,1,0,0
"509",7.75,6,32,40,0,0,1,0,0,1,0,0
"510",28.85,16,28,40,0,1,1,0,0,0,0,0
"511",20.2,16,35,40,1,1,1,0,0,1,0,0
"512",9.23,12,38,40,0,0,1,0,1,0,0,0
"513",14,16,5,40,0,1,1,0,1,0,0,0
"514",25,12,36,40,1,0,1,0,0,1,0,0
"515",21.48,12,23,50,0,0,1,1,0,0,0,0
"516",12.97,13,6,40,0,0,1,0,1,0,0,0
"517",27,12,23,40,1,0,1,1,0,0,0,0
"518",37.5,12,25,40,0,1,1,0,1,0,1,0
"519",21.15,14,26,40,1,1,1,1,0,0,0,0
"520",2.88,13,12,40,1,0,0,0,0,1,0,0
"521",9.75,11,40,40,0,1,1,0,1,0,0,0
"522",16,12,15,40,1,1,1,0,0,1,0,0
"523",13,12,32,40,0,0,1,0,1,0,0,0
"524",48.08,21,30,60,1,0,0,1,0,0,0,0
"525",7.7,12,38,40,1,1,1,0,1,0,0,0
"526",22.6,18,18,40,1,1,0,0,1,0,0,0
"527",5.73,6,45,15,0,1,1,0,0,1,0,0
"528",14.4,12,42,40,1,0,1,0,0,0,0,0
"529",33.5,12,13,40,1,0,1,0,1,0,0,0
"530",18.82,11,42,40,0,0,0,0,1,0,1,0
"531",17.5,12,11,40,1,0,1,0,0,1,0,0
"532",11,16,20,8,1,1,1,0,0,0,0,0
"533",9.35,16,40,40,1,1,1,1,0,0,0,0
"534",16.25,6,39,40,1,0,1,0,1,0,0,0
"535",9.5,13,46,38,1,1,1,0,1,0,0,0
"536",76.39,14,20,36,0,1,1,0,1,0,0,0
"537",36.67,18,25,48,0,1,1,0,0,1,0,0
"538",9,18,44,40,0,0,1,1,0,0,0,0
"539",51.52,13,14,56,1,0,1,0,0,1,0,0
"540",15,21,18,40,1,1,1,0,0,1,0,0
"541",38.75,18,23,40,0,1,1,1,0,0,0,0
"542",15.38,16,7,50,1,1,1,0,0,0,0,0
"543",43.28,21,12,40,1,0,1,0,0,0,0,1
"544",17.3,16,17,40,1,0,1,0,1,0,0,0
"545",33.65,16,20,40,1,0,1,1,0,0,1,0
"546",2.5,12,46,40,1,1,1,0,0,1,0,0
"547",16.25,12,35,40,1,0,1,0,0,0,0,0
"548",14.6,12,28,40,0,1,0,1,0,0,0,0
"549",12.5,16,4,40,0,1,1,0,0,0,0,0
"550",36.05,21,31,40,1,1,1,0,0,1,0,0
"551",19.23,12,31,40,1,0,1,0,0,0,0,0
"552",9.24,12,34,38,1,1,0,0,0,1,0,0
"553",9.15,13,8,40,0,1,0,1,0,0,0,0
"554",36.05,16,32,40,1,0,1,0,0,0,0,0
"555",16.25,12,10,40,0,0,1,0,1,0,0,0
"556",14.55,12,19,55,1,0,0,1,0,0,0,0
"557",29.4,21,31,40,1,1,1,1,0,0,0,1
"558",50.03,13,39,45,0,1,1,0,0,0,0,0
"559",28,16,30,12,1,1,1,0,0,0,0,0
"560",28.83,16,11,40,1,1,1,0,1,0,0,0
"561",72.13,16,41,40,1,0,1,0,1,0,0,0
"562",13,16,37,55,1,0,1,0,0,1,0,0
"563",6.14,11,51,22,1,1,1,0,1,0,0,0
"564",36.33,16,24,36,1,1,1,0,0,1,0,0
"565",18.06,12,35,36,1,0,0,0,1,0,1,0
"566",22.64,14,33,45,1,0,0,0,0,0,0,0
"567",15,14,20,40,1,0,0,0,0,1,0,0
"568",42.11,16,44,38,1,0,1,0,1,0,0,0
"569",13.8,13,41,40,1,1,1,0,0,1,0,0
"570",55,16,30,40,1,0,1,0,0,0,0,0
"571",10.4,13,18,30,1,1,0,0,0,0,0,0
"572",24.03,16,35,40,1,0,1,1,0,0,0,0
"573",20.63,16,30,40,1,1,0,0,1,0,0,0
"574",12.5,16,49,40,1,1,1,0,1,0,0,0
"575",24.95,13,19,37,1,1,0,1,0,0,0,0
"576",23.49,16,10,45,0,0,1,0,1,0,0,0
"577",28,14,36,50,1,1,0,1,0,0,0,0
"578",9.5,13,35,40,0,0,1,0,1,0,0,0
"579",34.63,14,31,40,1,0,1,0,0,1,0,1
"580",48.55,16,14,40,1,1,1,0,0,0,0,0
"581",8.06,13,13,36,0,1,0,1,0,0,0,0
"582",17.36,13,36,36,1,0,0,1,0,0,0,0
"583",28.44,14,42,45,1,0,0,0,0,1,0,0
"584",35.75,14,27,32,1,1,0,0,0,0,0,0
"585",13.95,14,20,40,1,0,0,0,0,0,0,0
"586",9,12,16,40,0,0,0,1,0,0,0,0
"587",21,13,41,40,0,0,1,0,1,0,0,0
"588",20,12,12,40,1,0,0,0,1,0,0,0
"589",8.33,13,5,40,1,1,0,1,0,0,0,0
"590",65.98,21,37,40,1,0,0,1,0,0,0,0
"591",13,12,42,24,1,0,0,0,1,0,0,0
"592",21.33,12,20,40,1,0,1,0,1,0,0,0
"593",15,16,38,40,1,1,0,0,0,0,0,0
"594",8.1,11,47,40,1,1,1,0,0,0,0,0
"595",15,9,23,50,1,0,0,0,0,0,0,0
"596",15,12,34,40,1,0,0,0,0,0,0,0
"597",18.75,18,11,40,1,0,0,0,0,1,0,0
"598",9.78,12,6,40,0,1,0,0,0,1,0,0
"599",9.83,12,27,28,1,1,0,1,0,0,0,0
"600",10,12,23,40,1,1,1,0,0,1,0,0
"601",12.5,12,36,40,1,0,1,0,0,0,1,0
"602",30.44,16,2,36,1,1,0,0,1,0,0,0
"603",12.5,13,8,35,0,1,1,1,0,0,0,0
"604",13.45,12,14,40,0,1,1,0,1,0,1,0
"605",29.8,13,42,40,1,0,1,0,1,0,0,0
"606",26.78,16,5,40,0,1,1,0,1,0,1,0
"607",10,18,11,40,0,1,1,0,1,0,0,1
"608",21.52,18,22,50,1,0,1,0,0,0,0,0
"609",12.87,12,48,22,1,0,0,0,1,0,0,0
"610",22.5,16,32,40,1,1,1,0,0,1,0,0
"611",15,12,40,36,1,1,1,0,1,0,0,0
"612",24.79,12,32,70,1,0,0,0,0,1,0,0
"613",6.66,12,21,30,0,1,0,1,0,0,0,0
"614",10.73,14,48,40,1,1,0,1,0,0,0,0
"615",10.5,12,33,40,0,0,1,1,0,0,0,0
"616",13.16,10,40,40,1,1,0,0,1,0,0,0
"617",9.75,12,8,40,0,1,1,0,1,0,1,0
"618",17,12,31,40,1,1,0,1,0,0,0,0
"619",36.05,14,23,40,1,0,1,1,0,0,0,0
"620",41.54,16,22,40,0,0,1,0,1,0,1,0
"621",34.18,12,42,45,0,1,1,0,1,0,0,0
"622",50,18,33,40,1,1,1,1,0,0,0,0
"623",6.73,12,14,40,1,1,1,1,0,0,1,0
"624",6.38,18,37,65,1,0,1,0,1,0,0,0
"625",20.6,16,26,47,1,0,0,0,1,0,0,0
"626",6.75,12,14,50,0,1,0,1,0,0,0,0
"627",10,13,8,55,0,1,0,0,0,0,0,0
"628",26.78,12,39,40,1,0,0,1,0,0,0,0
"629",72.13,18,38,40,1,0,1,0,0,0,0,0
"630",21.63,16,38,40,0,0,1,0,0,1,0,0
"631",44.23,18,27,40,0,1,1,0,0,0,0,0
"632",17.35,13,33,40,1,1,1,1,0,0,0,0
"633",25.73,14,29,38,1,0,1,0,0,0,0,0
"634",50,16,9,40,1,0,1,0,1,0,0,0
"635",20,14,13,40,1,0,1,0,0,1,0,0
"636",8,12,25,35,0,1,1,1,0,0,0,0
"637",34.63,14,19,40,0,1,1,0,1,0,0,0
"638",9.5,13,53,30,1,1,1,0,0,1,0,0
"639",7.7,3,19,40,0,0,1,0,1,0,0,0
"640",9,16,3,40,0,1,0,0,0,0,0,0
"641",16,13,38,40,1,0,1,0,0,1,0,0
"642",8.75,12,20,40,1,0,1,0,0,1,1,0
"643",11,12,28,42,1,0,0,0,0,1,0,0
"644",13.82,16,37,50,0,1,1,0,1,0,0,0
"645",13.1,12,17,40,1,1,1,0,0,1,1,0
"646",19.23,14,35,40,1,0,0,1,0,0,0,0
"647",18.45,12,32,40,1,1,1,0,0,1,0,0
"648",14.43,13,48,52,1,0,1,0,1,0,0,0
"649",21.93,16,17,80,1,0,1,0,0,1,0,1
"650",16.1,14,29,40,1,1,1,0,0,0,0,0
"651",14.5,13,32,40,0,0,1,0,1,0,1,0
"652",15.71,16,38,35,0,1,1,0,0,0,0,0
"653",28.18,12,6,40,0,0,1,0,0,0,0,0
"654",28.85,14,27,40,1,0,1,0,0,0,0,0
"655",57.7,16,28,50,1,0,1,0,1,0,0,0
"656",28.85,18,39,40,1,0,1,0,1,0,0,0
"657",23.08,13,37,40,1,1,1,0,0,0,0,0
"658",25.25,18,27,40,1,1,1,1,0,0,0,0
"659",15,12,33,40,0,1,1,0,0,1,0,1
"660",23.08,16,20,62,1,0,0,0,0,1,0,0
"661",21.88,13,37,40,1,0,1,0,1,0,0,0
"662",8.26,12,9,35,0,1,1,0,0,1,0,0
"663",12.03,16,20,50,1,0,1,0,1,0,0,1
"664",8.5,12,27,56,0,0,1,1,0,0,1,0
"665",40,16,22,20,1,1,1,0,1,0,0,0
"666",30,6,18,40,1,0,0,0,0,1,0,0
"667",28,21,14,5,1,1,1,1,0,0,0,0
"668",9.5,12,15,40,0,0,0,0,0,0,0,0
"669",23.07,16,8,30,0,0,1,0,0,1,0,0
"670",22.3,16,24,15,0,1,1,0,0,0,0,0
"671",7.52,12,6,40,1,1,1,0,1,0,0,0
"672",38.45,18,41,50,1,0,1,0,0,1,0,1
"673",18.75,8,22,40,1,0,1,0,0,1,0,0
"674",2.52,12,22,20,1,1,1,1,0,0,0,0
"675",26.14,12,39,44,1,0,0,1,0,0,0,0
"676",36.06,13,34,80,1,0,1,1,0,0,0,0
"677",12,16,19,40,1,1,1,0,0,1,0,1
"678",15.38,14,30,50,1,0,1,0,0,0,0,0
"679",16.23,12,12,45,0,0,1,1,0,0,0,0
"680",31.25,16,15,40,0,1,1,0,0,0,0,0
"681",20,14,24,40,0,0,1,0,1,0,0,0
"682",10.38,13,24,40,1,1,1,0,1,0,0,0
"683",9.48,12,15,42,0,1,1,0,1,0,0,0
"684",25,13,11,40,1,1,1,0,1,0,0,0
"685",10.49,14,14,45,1,0,1,1,0,0,0,0
"686",11.5,12,9,40,0,0,1,0,0,0,0,0
"687",8,12,60,33,0,0,1,0,0,0,0,0
"688",14.5,16,9,40,0,1,1,0,0,1,1,0
"689",38.45,18,21,40,1,0,1,0,1,0,1,0
"690",11.5,11,20,40,0,0,0,0,0,1,0,0
"691",45.65,8,31,40,0,0,1,0,0,0,0,0
"692",14,12,30,40,0,1,1,0,1,0,1,0
"693",5.33,12,62,30,1,0,1,0,0,0,0,0
"694",12.9,16,9,40,0,1,1,0,0,1,0,0
"695",23.63,16,20,40,1,1,1,0,1,0,0,0
"696",30.3,16,33,40,0,1,1,1,0,0,0,0
"697",20.2,16,14,40,1,1,1,0,1,0,0,0
"698",31.25,18,18,52,1,0,1,0,0,0,0,1
"699",26.44,13,8,32,0,0,1,1,0,0,0,0
"700",23,12,39,40,1,1,1,0,0,1,0,0
"701",32.68,14,40,40,1,0,1,0,1,0,1,0
"702",18.25,13,27,55,1,0,1,0,0,1,0,0
"703",20.2,12,13,40,1,0,1,0,0,0,0,0
"704",22.6,12,32,40,1,1,1,0,0,1,0,0
"705",7.45,10,28,40,1,0,1,0,1,0,1,0
"706",13,12,56,20,1,0,1,0,1,0,0,0
"707",8,12,49,25,0,1,1,0,0,1,0,0
"708",26.1,12,10,40,0,0,1,0,0,1,0,0
"709",46.16,16,18,50,1,1,1,0,1,0,0,0
"710",8,12,13,36,0,0,1,0,0,0,1,0
"711",16,12,38,40,1,1,0,0,0,1,0,0
"712",8.76,16,32,25,1,1,1,0,0,0,0,0
"713",33.65,12,22,40,1,0,0,1,0,0,0,0
"714",11.78,13,39,40,0,1,1,0,1,0,0,0
"715",47.62,18,42,50,1,1,1,0,0,0,0,0
"716",24.45,12,36,50,0,0,1,1,0,0,0,0
"717",34.18,16,28,40,1,1,1,0,0,0,0,0
"718",31.73,16,21,40,0,0,1,0,0,0,0,1
"719",18.45,12,45,40,1,0,1,1,0,0,0,0
"720",34.62,13,32,50,1,0,1,0,0,0,0,0
"721",21.36,12,38,42,1,0,0,0,0,1,0,0
"722",38.46,18,23,50,0,0,1,1,0,0,0,0
"723",2.3,16,41,50,1,0,1,0,1,0,0,0
"724",22.65,13,34,40,0,1,1,1,0,0,0,0
"725",4.33,8,20,40,1,0,1,0,0,1,0,0
"726",31.25,18,10,40,0,0,1,0,1,0,0,1
"727",8.5,14,4,6,0,1,1,1,0,0,0,0
"728",22.76,13,43,50,0,1,1,0,1,0,0,0
"729",19.55,12,28,40,0,0,1,1,0,0,0,0
"730",17.96,14,29,45,1,0,1,0,0,0,0,0
"731",24.04,12,16,40,0,0,1,0,1,0,0,0
"732",44.24,12,42,40,0,1,1,0,0,0,0,0
"733",31.88,14,39,40,0,1,1,0,0,1,0,0
"734",28.83,21,39,60,0,1,0,0,0,1,0,0
"735",39.9,14,28,40,0,1,1,0,0,1,0,0
"736",61.82,18,39,40,1,1,1,0,1,0,0,0
"737",25.38,16,8,40,1,1,1,0,1,0,0,1
"738",12,16,39,40,0,1,1,0,1,0,1,0
"739",8.65,16,14,40,1,0,1,0,1,0,0,0
"740",38.45,16,33,40,1,1,1,0,0,0,0,0
"741",38.45,10,53,40,1,0,1,1,0,0,0,0
"742",7.2,12,9,25,0,1,0,1,0,0,1,0
"743",7.5,13,6,25,0,0,1,1,0,0,0,0
"744",25,14,24,40,0,0,1,0,0,1,0,0
"745",18.48,16,31,40,1,0,0,0,1,0,0,0
"746",61.54,18,26,35,1,1,1,0,0,1,0,0
"747",15.8,12,24,40,0,1,1,0,1,0,1,0
"748",39.43,12,32,40,1,0,1,0,1,0,0,0
"749",10,12,46,40,1,0,1,0,1,0,0,0
"750",6.25,21,11,40,1,1,1,1,0,0,0,1
"751",28.85,18,34,45,1,1,1,0,0,0,0,0
"752",15.33,12,31,40,0,0,1,0,1,0,1,0
"753",23.3,18,40,40,1,0,1,0,0,1,0,0
"754",9,12,9,40,0,0,1,0,0,0,0,0
"755",21.8,13,28,40,1,0,0,0,0,1,0,0
"756",15.33,12,22,40,0,0,1,0,1,0,1,0
"757",10,12,11,50,0,0,1,0,0,0,0,0
"758",20.17,16,45,12,1,1,0,0,0,1,0,0
"759",25.64,16,15,45,1,1,1,0,1,0,0,0
"760",10.5,13,41,40,1,0,1,0,1,0,0,0
"761",10.38,13,44,40,1,1,0,0,0,1,0,0
"762",16.83,16,24,40,1,1,1,0,1,0,0,0
"763",15.75,12,39,42,0,1,1,1,0,0,0,0
"764",19.24,14,34,50,1,0,1,0,1,0,0,0
"765",8.65,12,28,40,0,0,1,0,0,1,1,0
"766",10.85,16,26,40,1,1,0,1,0,0,0,0
"767",18.7,13,47,40,1,1,1,1,0,0,0,0
"768",16.22,11,26,45,1,0,1,0,0,1,0,0
"769",9,9,24,12,0,0,1,0,0,0,0,0
"770",12,12,13,35,0,1,0,0,0,0,0,0
"771",6.77,12,23,10,1,1,0,1,0,0,0,0
"772",20.13,14,35,40,0,0,1,0,1,0,0,0
"773",15,13,22,40,1,1,1,1,0,0,0,0
"774",10,12,26,36,1,1,0,1,0,0,0,0
"775",12,12,38,40,0,1,1,1,0,0,1,0
"776",17.96,16,19,45,0,1,1,0,1,0,1,0
"777",37.6,16,31,35,0,1,1,0,0,1,0,0
"778",14.43,13,9,40,1,1,1,0,0,1,0,0
"779",42,16,28,60,1,0,1,0,0,1,0,0
"780",41.52,13,30,0,1,1,1,1,0,0,0,1
"781",23.08,16,25,40,1,0,1,0,0,1,0,1
"782",24.53,16,13,40,0,0,1,1,0,0,0,0
"783",9.52,13,30,25,1,1,1,0,0,1,0,0
"784",12,16,28,15,1,1,0,0,0,1,0,0
"785",13.8,12,48,40,0,1,1,0,0,0,0,0
"786",42,13,21,40,0,1,1,0,1,0,1,0
"787",10.55,12,7,38,0,0,1,0,1,0,1,0
"788",10,13,10,40,0,1,1,0,0,1,0,0
"789",12.75,14,35,40,1,1,0,0,0,1,0,0
"790",8.75,12,40,40,1,1,1,0,0,0,0,0
"791",28.85,16,12,52,1,1,1,0,0,0,0,0
"792",25,16,4,0,0,0,1,0,1,0,0,0
"793",25,18,26,20,1,1,1,0,1,0,0,0
"794",25,16,11,50,0,0,1,1,0,0,0,0
"795",9,12,29,32,1,1,1,1,0,0,0,0
"796",72.13,18,43,32,0,1,1,0,0,0,1,0
"797",21.03,16,22,40,0,0,1,0,1,0,1,0
"798",35.23,16,42,40,1,0,0,1,0,0,0,0
"799",9.4,12,61,40,0,1,0,0,1,0,1,0
"800",12.5,13,7,40,0,0,1,1,0,0,0,0
"801",37.5,14,56,24,1,1,1,0,1,0,0,0
"802",6.5,12,54,20,1,1,0,1,0,0,0,0
"803",52.5,13,27,40,0,0,1,0,1,0,1,0
"804",7.5,14,17,8,0,1,1,0,0,0,1,0
"805",31.25,16,10,45,0,1,1,0,0,0,0,0
"806",25,18,11,40,1,0,1,0,0,0,0,0
"807",10.48,12,40,40,0,1,1,0,0,1,1,0
"808",17.75,12,22,40,1,0,1,0,1,0,0,0
"809",13,13,37,42,0,0,1,0,0,1,1,0
"810",5.97,12,43,55,0,1,1,0,1,0,0,0
"811",25,21,27,40,1,0,0,0,0,1,0,0
"812",18.5,13,37,40,1,0,1,1,0,0,0,0
"813",11.55,11,19,40,0,0,1,0,1,0,0,1
"814",44.87,16,24,60,1,0,1,0,0,1,0,0
"815",7.4,8,16,40,1,0,0,0,1,0,0,0
"816",11.85,12,50,40,0,1,0,0,1,0,0,0
"817",24.17,16,23,52,0,0,1,0,1,0,0,0
"818",7.2,14,15,20,0,0,1,1,0,0,0,0
"819",18.18,13,18,55,1,0,1,1,0,0,0,0
"820",14,12,20,40,1,0,1,0,0,1,0,0
"821",36.05,13,19,68,0,0,0,1,0,0,0,0
"822",13.61,12,22,36,1,0,0,1,0,0,0,0
"823",34.63,16,8,40,1,0,1,1,0,0,0,0
"824",17.3,16,10,40,0,0,1,0,1,0,0,0
"825",14,14,58,16,0,1,1,0,0,1,1,0
"826",29.9,18,44,60,1,0,0,0,0,0,0,0
"827",15,13,11,40,0,0,1,0,0,1,0,0
"828",16.14,18,7,50,1,1,1,1,0,0,0,0
"829",38,16,15,40,1,1,1,0,1,0,0,0
"830",7.98,12,19,80,1,0,1,0,0,1,0,0
"831",24.03,18,23,40,1,0,0,1,0,0,0,0
"832",23.51,21,31,45,1,1,0,0,1,0,0,0
"833",22.43,21,20,60,1,0,1,1,0,0,0,0
"834",15.75,13,41,40,0,0,1,1,0,0,0,0
"835",11.5,13,51,20,1,1,1,0,1,0,0,0
"836",21.63,18,32,40,1,0,1,0,1,0,0,0
"837",45.45,18,42,55,1,0,1,0,0,0,0,0
"838",35.63,12,22,40,1,0,0,0,0,0,0,0
"839",19.05,9,38,40,1,0,1,0,0,1,0,0
"840",30.63,13,28,40,1,0,1,0,1,0,0,0
"841",16.35,14,35,40,1,1,0,1,0,0,0,0
"842",12.4,12,11,40,1,1,1,0,1,0,0,0
"843",31.25,12,21,40,1,0,1,0,0,1,0,0
"844",14.1,14,38,40,0,1,1,0,0,0,1,0
"845",24,14,28,30,1,1,1,0,0,0,0,0
"846",27.49,16,30,40,1,1,1,0,0,0,0,0
"847",7.9,12,40,40,0,0,0,0,1,0,0,0
"848",11,12,15,30,0,1,1,0,0,0,0,0
"849",16.83,12,38,40,0,0,0,1,0,0,0,0
"850",57.68,16,35,22,1,1,1,0,0,1,0,0
"851",11,16,5,40,0,0,1,1,0,0,0,0
"852",6.4,12,27,30,1,1,1,1,0,0,0,0
"853",16.83,14,23,40,0,0,1,0,1,0,0,0
"854",19.58,11,36,45,1,0,1,0,1,0,0,0
"855",28.52,12,24,75,0,1,1,0,0,0,0,0
"856",12,12,30,40,1,0,0,1,0,0,0,0
"857",21.15,13,23,40,1,0,1,1,0,0,0,0
"858",14.9,12,36,45,1,1,1,0,1,0,0,0
"859",14.26,12,28,43,1,1,1,0,0,0,0,0
"860",8.15,11,46,38,1,1,0,1,0,0,0,0
"861",32.3,16,29,50,1,0,1,0,0,1,0,0
"862",7,12,12,30,1,1,0,0,0,0,0,0
"863",22.5,12,22,40,1,0,1,1,0,0,0,0
"864",30,13,35,40,1,1,1,0,1,0,0,0
"865",24.14,16,14,40,1,0,1,1,0,0,0,0
"866",72.13,18,36,40,1,1,1,0,0,1,0,0
"867",11.8,14,23,40,1,1,1,0,0,1,0,0
"868",60.1,18,31,48,1,0,1,0,1,0,0,0
"869",19.23,12,10,40,0,0,1,0,0,0,0,0
"870",12.82,16,7,45,0,1,0,1,0,0,0,0
"871",15,16,11,36,1,1,1,0,1,0,0,0
"872",21.25,14,10,40,0,1,0,0,0,0,0,0
"873",11.51,6,16,40,0,0,0,0,0,1,0,0
"874",28.83,12,20,40,1,0,1,0,0,0,0,0
"875",25.64,21,19,75,1,0,1,0,1,0,0,0
"876",12.26,16,23,34,1,1,1,1,0,0,0,0
"877",10,12,23,40,1,0,1,1,0,0,1,0
"878",8,12,8,50,0,0,0,0,0,0,0,0
"879",25.48,16,34,40,1,0,1,0,1,0,1,0
"880",52.88,21,39,40,1,1,1,0,1,0,0,0
"881",19.22,16,44,60,1,0,1,0,0,0,0,0
"882",19.23,18,14,40,1,1,1,0,0,0,0,0
"883",15,12,32,40,0,0,0,1,0,0,0,0
"884",19.23,16,37,40,0,1,0,1,0,0,0,0
"885",23.58,13,35,40,1,0,1,0,0,1,0,0
"886",4.58,12,38,48,0,1,1,1,0,0,0,0
"887",9,12,31,40,1,1,1,0,0,0,0,0
"888",15,12,14,40,1,0,1,0,0,1,0,0
"889",25,13,36,40,1,1,1,1,0,0,0,0
"890",29.8,18,37,40,0,1,1,0,0,0,0,0
"891",64.11,18,21,45,0,0,1,0,1,0,0,0
"892",19.23,14,24,40,1,1,1,0,0,0,0,0
"893",27.4,12,23,35,0,0,1,0,0,1,0,0
"894",21.63,12,26,40,1,0,1,1,0,0,0,0
"895",10,12,32,60,0,1,1,1,0,0,0,0
"896",11.55,13,25,60,0,1,1,0,1,0,1,0
"897",38.45,16,10,40,0,0,1,0,0,0,0,0
"898",17,12,8,40,0,0,0,1,0,0,0,0
"899",64.11,16,32,48,1,0,1,0,0,1,0,0
"900",28.1,14,28,39,1,1,1,1,0,0,0,0
"901",21.25,8,22,40,1,0,1,0,0,0,0,0
"902",10.58,12,23,40,0,1,1,0,0,0,0,0
"903",16.67,10,44,6,1,1,1,0,1,0,0,1
"904",31.75,16,8,40,1,1,1,1,0,0,0,0
"905",25.75,13,29,40,0,0,0,1,0,0,0,0
"906",17.42,13,48,45,1,0,0,0,1,0,0,0
"907",21.63,16,42,45,0,1,0,0,1,0,0,0
"908",7.97,13,20,33,0,1,0,0,0,0,0,0
"909",48.08,18,26,40,0,0,1,0,1,0,0,0
"910",21.25,16,13,40,0,0,1,0,1,0,0,0
"911",10,14,22,25,0,1,0,0,0,0,0,0
"912",19.63,12,38,40,0,0,0,1,0,0,0,0
"913",16,12,54,40,0,1,1,0,0,0,1,0
"914",19.23,16,25,48,1,0,1,0,0,0,0,0
"915",28.85,12,38,40,0,0,1,0,0,0,0,0
"916",8.5,12,39,40,0,1,1,0,1,0,1,0
"917",60,14,37,40,1,0,1,1,0,0,0,0
"918",9.63,12,35,52,0,1,1,0,0,0,0,0
"919",9,13,10,40,1,0,0,1,0,0,0,0
"920",37.18,12,20,60,1,0,1,1,0,0,0,0
"921",33.65,13,27,40,1,0,1,1,0,0,0,0
"922",16.25,12,42,40,0,1,1,0,0,0,0,0
"923",14.43,16,9,40,0,0,1,0,1,0,0,0
"924",10,12,15,40,1,0,1,1,0,0,0,1
"925",19.23,16,3,40,0,1,1,1,0,0,0,0
"926",19.23,18,30,40,1,0,1,0,0,0,0,0
"927",7,11,44,20,1,1,1,0,1,0,0,0
"928",24.03,21,17,65,1,0,1,0,1,0,0,0
"929",7.57,13,6,30,1,1,0,1,0,0,0,0
"930",12.5,12,22,40,0,1,1,0,1,0,0,0
"931",11.4,13,15,40,0,0,1,1,0,0,0,0
"932",13,16,50,5,1,1,1,1,0,0,0,0
"933",25,12,33,40,1,0,0,0,0,1,0,0
"934",22.13,12,34,40,1,0,1,0,0,0,0,0
"935",13.5,13,39,28,0,0,1,0,1,0,1,0
"936",8,12,7,40,0,1,1,0,0,1,1,0
"937",11.25,12,16,40,1,0,1,0,1,0,1,0
"938",14.43,12,36,40,1,1,1,0,0,1,0,0
"939",9.8,18,46,40,1,1,1,0,1,0,0,0
"940",17.3,12,44,40,0,1,1,0,0,1,0,0
"941",8,12,7,40,0,0,1,0,1,0,1,0
"942",35.76,16,17,40,1,0,1,1,0,0,0,0
"943",10,12,31,40,0,1,0,0,1,0,0,0
"944",19.23,16,28,40,0,1,1,0,0,1,0,1
"945",20,14,29,40,0,0,1,0,0,0,0,1
"946",10.25,16,38,40,1,1,1,0,0,0,0,0
"947",17.63,12,15,60,0,1,1,1,0,0,0,0
"948",14.53,13,47,40,0,1,1,0,0,0,0,0
"949",5.9,14,4,10,0,1,0,1,0,0,0,0
"950",18.46,12,12,38,0,1,0,1,0,0,0,0
"951",39.33,12,32,40,1,0,1,0,0,1,0,0
"952",7.5,11,38,30,1,1,0,0,0,0,0,0
"953",16,18,16,40,1,1,1,1,0,0,1,0
"954",14.5,13,27,32,1,1,0,0,0,1,0,0
"955",62.03,16,44,40,0,0,1,0,0,0,0,0
"956",16.35,12,25,40,1,0,0,0,1,0,0,0
"957",24.44,12,24,45,1,0,0,0,0,0,0,0
"958",17,13,15,40,0,0,1,1,0,0,1,0
"959",14.96,16,11,55,0,1,1,0,0,0,0,0
"960",67.3,12,42,40,1,0,1,0,1,0,0,0
"961",21,13,32,50,1,0,1,0,1,0,0,0
"962",20.4,16,4,40,0,0,1,0,0,1,0,1
"963",16,10,16,50,1,0,1,0,1,0,0,0
"964",12.82,14,22,45,0,1,1,0,0,1,0,1
"965",20,18,11,40,1,1,1,0,1,0,1,0
"966",12,12,18,40,1,0,0,0,0,0,0,0
"967",35.1,16,22,40,1,0,1,0,0,1,0,1
"968",12.5,13,13,40,1,1,1,0,0,1,0,0
"969",31.73,16,30,40,0,1,1,0,1,0,1,0
"970",12.38,8,63,42,1,0,0,0,1,0,0,0
"971",12.5,12,35,40,1,1,1,0,0,1,0,0
"972",21,14,19,40,0,0,1,0,0,1,0,0
"973",21.38,13,11,40,0,0,1,1,0,0,0,0
"974",12.5,12,8,40,1,0,1,1,0,0,0,0
"975",57.7,12,26,40,0,1,1,0,0,1,0,0
"976",29.76,13,41,42,1,0,1,1,0,0,0,0
"977",18,12,9,40,0,0,0,1,0,0,0,0
"978",7.25,13,11,25,1,1,1,1,0,0,0,0
"979",9,14,44,0,0,1,1,1,0,0,0,0
"980",27.7,21,13,50,0,1,1,0,1,0,1,0
"981",28,3,32,40,1,0,1,0,1,0,0,0
"982",12,16,37,40,1,1,1,1,0,0,0,0
"983",9.7,13,8,40,0,0,1,0,0,1,1,0
"984",7,12,24,40,1,1,0,0,1,0,0,0
"985",18.24,21,8,70,0,1,1,0,0,0,0,1
"986",25.95,18,40,40,1,1,1,0,1,0,0,0
"987",16.04,16,5,36,1,1,1,1,0,0,0,0
"988",14,12,20,40,0,1,1,0,0,1,0,0
"989",40.08,18,39,24,1,1,1,0,0,1,0,0
"990",8,12,7,40,0,1,1,0,0,1,0,0
"991",16.93,16,8,40,0,1,1,0,0,1,0,0
"992",11.5,12,19,25,0,0,0,1,0,0,0,0
"993",21.15,13,27,40,1,1,1,0,1,0,0,0
"994",7.2,16,21,40,1,1,1,1,0,0,0,0
"995",23.1,12,43,40,0,1,1,0,0,1,0,0
"996",16.83,16,27,40,1,1,1,1,0,0,0,0
"997",28.85,13,7,40,1,1,1,0,0,0,1,0
"998",11.25,14,5,40,0,1,1,0,0,1,0,0
"999",7.5,8,36,40,0,1,1,0,0,0,0,0
"1000",8.5,13,22,40,0,0,1,0,1,0,1,0
